{
  "$schema": "https://schemas.wp.org/trunk/theme.json",
  "title": "Green",
  "version": 2,
  "settings": {
    "color": {
      "defaultPalette": false,
      "defaultGradients": false,
      "palette": [
        {
          "name": "Primary",
          "color": "#3fae70",
          "slug": "primary"
        },
        {
          "name": "Secondary",
          "color": "#28752e",
          "slug": "secondary"
        },
        {
          "name": "Accent",
          "color": "#3fae70",
          "slug": "accent"
        },
        {
          "name": "Accent Text",
          "color": "#ffffff",
          "slug": "accent-text"
        },
        {
          "name": "Secondary Accent",
          "color": "#ffffff",
          "slug": "secondary-accent"
        },
        {
          "name": "Secondary Accent Text",
          "color": "#1d243c",
          "slug": "secondary-accent-text"
        },
        {
          "name": "Hover",
          "color": "#00933d",
          "slug": "hover"
        },
        {
          "name": "Heading",
          "color": "#1d243c",
          "slug": "heading"
        },
        {
          "name": "Highlight",
          "color": "#4B5563",
          "slug": "highlight"
        },
        {
          "name": "Body",
          "color": "#3f4c7c",
          "slug": "body"
        },
        {
          "name": "Surface",
          "color": "#F5F7FA",
          "slug": "surface"
        },
        {
          "name": "Background",
          "color": "#FFFFFF",
          "slug": "background"
        },
        {
          "name": "Light",
          "color": "#ebeefc",
          "slug": "light"
        },
        {
          "name": "Outline",
          "color": "#E5E7EB",
          "slug": "outline"
        },
        {
          "name": "Neutral",
          "color": "#9CA3AF",
          "slug": "neutral"
        },
        {
          "name": "Foreground",
          "color": "#111827",
          "slug": "foreground"
        },
        {
          "name": "Transparent",
          "color": "transparent",
          "slug": "transparent"
        },
        {
          "name": "Current Color",
          "color": "currentColor",
          "slug": "currentColor"
        },
        {
          "name": "Inherit",
          "color": "inherit",
          "slug": "inherit"
        }
      ],
      "gradients": [
        {
          "name": "Primary",
          "slug": "primary",
          "gradient": "linear-gradient(285deg, #3fae70 -1.5%, #28752e 100%)"
        }
      ],
      "duotone": [
        {
          "name": "Primary",
          "slug": "primary",
          "colors": [
            "#3fae70",
            "#3fae70"
          ]
        },
        {
          "name": "Secondary",
          "slug": "secondary",
          "colors": [
            "#28752e",
            "#28752e"
          ]
        },
        {
          "name": "Light",
          "slug": "light",
          "colors": [
            "#ffffff",
            "#ffffff"
          ]
        }
      ]
    }
  }
}